{
  "timestamp": "2026-01-27T10:19:43.021Z",
  "url": "/travels/czarny-staw-i-drugie-radosti-treki-termy-i-nochi-u-kamina",
  "mobile": {
    "performance": 97,
    "accessibility": 92,
    "bestPractices": 96,
    "seo": 100,
    "metrics": {
      "fcp": 1068.6733,
      "lcp": 1368.7675,
      "tbt": 137,
      "cls": 0.036534653886847124,
      "si": 3713.039775736396
    }
  },
  "desktop": {
    "performance": 97,
    "accessibility": 92,
    "bestPractices": 96,
    "seo": 100,
    "metrics": {
      "fcp": 1056.5833,
      "lcp": 1356.5833,
      "tbt": 150.50000000000045,
      "cls": 0.03608881356032297,
      "si": 3855.58052726009
    }
  }
}