{
  "timestamp": "2026-01-27T09:31:31.873Z",
  "url": "/travels/czarny-staw-i-drugie-radosti-treki-termy-i-nochi-u-kamina",
  "mobile": {
    "performance": 94,
    "accessibility": 87,
    "bestPractices": 96,
    "seo": 100,
    "metrics": {
      "fcp": 1054.8355000000001,
      "lcp": 1354.8745,
      "tbt": 232.98050000000012,
      "cls": 0.03207894538695375,
      "si": 3693.1929199223823
    }
  },
  "desktop": {
    "performance": 95,
    "accessibility": 87,
    "bestPractices": 96,
    "seo": 100,
    "metrics": {
      "fcp": 1054.73695,
      "lcp": 1354.77625,
      "tbt": 209.48035000000073,
      "cls": 0.03207894538695375,
      "si": 3708.9352089270424
    }
  }
}