{
  "timestamp": "2026-01-27T09:51:09.937Z",
  "url": "/travels/czarny-staw-i-drugie-radosti-treki-termy-i-nochi-u-kamina",
  "mobile": {
    "performance": 95,
    "accessibility": 92,
    "bestPractices": 96,
    "seo": 100,
    "metrics": {
      "fcp": 1057.129,
      "lcp": 1357.1709999999998,
      "tbt": 223.47900000000027,
      "cls": 0.03608881356032297,
      "si": 3600.5705674881087
    }
  },
  "desktop": {
    "performance": 96,
    "accessibility": 92,
    "bestPractices": 96,
    "seo": 100,
    "metrics": {
      "fcp": 1054.4867,
      "lcp": 1354.4867,
      "tbt": 172.5,
      "cls": 0.03608881356032297,
      "si": 3664.7012782787597
    }
  }
}